{
  "hash": "e718b693",
  "configHash": "042237c8",
  "lockfileHash": "31c366a1",
  "browserHash": "c03a653f",
  "optimized": {
    "@angular/common": {
      "src": "../../../../../../node_modules/@angular/common/fesm2022/common.mjs",
      "file": "@angular_common.js",
      "fileHash": "1bae9374",
      "needsInterop": false
    },
    "@angular/common/http": {
      "src": "../../../../../../node_modules/@angular/common/fesm2022/http.mjs",
      "file": "@angular_common_http.js",
      "fileHash": "f2f23a15",
      "needsInterop": false
    },
    "@angular/core": {
      "src": "../../../../../../node_modules/@angular/core/fesm2022/core.mjs",
      "file": "@angular_core.js",
      "fileHash": "a9c7376c",
      "needsInterop": false
    },
    "@angular/platform-browser": {
      "src": "../../../../../../node_modules/@angular/platform-browser/fesm2022/platform-browser.mjs",
      "file": "@angular_platform-browser.js",
      "fileHash": "53dc43a7",
      "needsInterop": false
    },
    "@angular/router": {
      "src": "../../../../../../node_modules/@angular/router/fesm2022/router.mjs",
      "file": "@angular_router.js",
      "fileHash": "2679f374",
      "needsInterop": false
    },
    "@angular/forms": {
      "src": "../../../../../../node_modules/@angular/forms/fesm2022/forms.mjs",
      "file": "@angular_forms.js",
      "fileHash": "51322010",
      "needsInterop": false
    }
  },
  "chunks": {
    "chunk-YRU2HRBE": {
      "file": "chunk-YRU2HRBE.js"
    },
    "chunk-N7BYCKIZ": {
      "file": "chunk-N7BYCKIZ.js"
    },
    "chunk-6OORFGZS": {
      "file": "chunk-6OORFGZS.js"
    },
    "chunk-KQVTM4CV": {
      "file": "chunk-KQVTM4CV.js"
    }
  }
}